INSERT INTO ABTEILUNG VALUES ('abt11', 'Verwaltung');
INSERT INTO ABTEILUNG VALUES ('abt12', 'Projektierung');
INSERT INTO ABTEILUNG VALUES ('abt13', 'Produktion');
INSERT INTO ABTEILUNG VALUES ('abt14', 'Lagerung');
INSERT INTO ABTEILUNG VALUES ('abt15', 'Verkauf');
INSERT INTO ABTEILUNG VALUES ('abt16', 'Forschung');

INSERT INTO GEHALT VALUES ('it1', 2523);
INSERT INTO GEHALT VALUES ('it2', 2873);
INSERT INTO GEHALT VALUES ('it3', 3027);
INSERT INTO GEHALT VALUES ('it4', 3341);
INSERT INTO GEHALT VALUES ('it5', 3782);

INSERT INTO PERSONAL VALUES (123, 'Ada', 'Lovelace', 'it5', 'abt13', 'dek');
INSERT INTO PERSONAL VALUES (124, 'Leonhard', 'Euler', 'it2', 'abt11', 'aok');
INSERT INTO PERSONAL VALUES (126, 'René', 'Descartes', 'it1', 'abt12', 'bak');
INSERT INTO PERSONAL VALUES (127, 'Alan', 'Turing', 'it2', 'abt14', 'dek');
INSERT INTO PERSONAL VALUES (132, 'Grace', 'Hopper', 'it4', 'abt15', 'dek');
INSERT INTO PERSONAL VALUES (145, 'Marie', 'Curie', 'it4', 'abt15', 'aok');
INSERT INTO PERSONAL VALUES (147, 'Hedy', 'Lamarr', 'it5', 'abt11', 'tkk');
INSERT INTO PERSONAL VALUES (133, 'Radia', 'Perlman', 'it3', 'abt12', 'tkk');
INSERT INTO PERSONAL VALUES (161, 'Martin', 'Fowler', 'it2', 'abt13', 'dek');
INSERT INTO PERSONAL VALUES (163, 'Erich', 'Gamma', 'it1', 'abt14', 'aok');
INSERT INTO PERSONAL VALUES (164, 'Marlyn', 'Meltzer', 'it4', 'abt13', 'bak');
INSERT INTO PERSONAL VALUES (173, 'Richard', 'Helm', 'it1', NULL, 'dek');
INSERT INTO PERSONAL VALUES (177, 'Linus', 'Torvalds', 'it2', 'abt11', 'dek');

INSERT INTO MASCHINE VALUES (1, 'Bohrmaschine', 123, '01-02-14', 30000, 15000);
INSERT INTO MASCHINE VALUES (2, 'Bohrmaschine', 124, '01-07-07', 30000, 18000);
INSERT INTO MASCHINE VALUES (3, 'Hobelmaschine', 161, '01-01-07', 40000, 10000);
INSERT INTO MASCHINE VALUES (11, 'Drehbank', 145, '01-03-09', 29000, 19000);
INSERT INTO MASCHINE VALUES (12, 'Hobelmaschine', 126, '01-04-09', 31000, 21000);
INSERT INTO MASCHINE VALUES (14, 'Bohrmaschine', 126, '01-09-11', 32000, 22000);
INSERT INTO MASCHINE VALUES (21, 'Drehbank', 133, '01-10-12', 32000, 23000);
INSERT INTO MASCHINE VALUES (23, 'Lochcomputer', 123, '01-11-14', 31000, 25000);

INSERT INTO KIND VALUES (123, 'Lovelace', 'Lotta', '13-07-14');
INSERT INTO KIND VALUES (123, 'Lovelace', 'Maria', '13-08-12');
INSERT INTO KIND VALUES (127, 'Pitts', 'Smalltalk', '25-03-05');
INSERT INTO KIND VALUES (133, 'Perlman', 'Ron', '06-09-08');
INSERT INTO KIND VALUES (161, 'Fowler', 'John', '09-08-10');
INSERT INTO KIND VALUES (163, 'Gamma', 'Berta', '22-12-07');
INSERT INTO KIND VALUES (177, 'Torvalds', 'Tux', '01-01-13');

INSERT INTO PRAEMIE VALUES (123, 700, '22-12-07');
INSERT INTO PRAEMIE VALUES (124, 500, '21-02-14');
INSERT INTO PRAEMIE VALUES (133, 600, '03-11-09');
INSERT INTO PRAEMIE VALUES (161, 500, '22-04-11');
INSERT INTO PRAEMIE VALUES (145, 500, '22-04-11');
INSERT INTO PRAEMIE VALUES (132, 1000, '18-06-13');
INSERT INTO PRAEMIE VALUES (123, 2300, '09-07-14');
INSERT INTO PRAEMIE VALUES (124, 200, '01-09-15');
INSERT INTO PRAEMIE VALUES (147, 400, '28-10-07');
